family_id,train_samples,eval_samples,test_samples,eval_loss,eval_accuracy,test_loss,test_accuracy,temperature
Araceae,166,41,25,0.48816539020073124,0.926829268292683,0.44239349365234376,0.96,0.07
Asparagaceae,380,94,52,0.7518660159821206,0.723404255319149,0.6882358422646155,0.8653846153846154,0.07
